description,sentiment,category,hotel_id,review_posted_at
"achei a estrutura, atendimento dos funcion√°rios perfeito, s√£o gentis, atenciosos, solicitos e uma simpatia fora do padr√£o dos outros hoteis!",1,Atendimento da equipe,continental,2024-04-09 17:43:07+00:00
O caf√© √© maravilhoso e muito diversificado com uma variedade de alimentos pouco encontrado em outros hotel.,1,Caf√© da manh√£,continental,2024-04-09 17:43:07+00:00
"Atendimento nota 1.000, da recep√ß√£o, ao restaurante e ao bar da piscina.",1,Atendimento da equipe,continental,2024-03-27 00:37:51+00:00
Tudo muito limpo,1,Quarto,continental,2024-03-27 00:37:51+00:00
"atendimento diferenciado pela equipe da recep√ß√£o, em especial Elvis, Isabelle e Thayane.",1,Atendimento da equipe,continental,2024-03-27 00:37:51+00:00
Caf√© farto e sempre com equipe bem educada.,1,Caf√© da manh√£,continental,2024-03-27 00:37:51+00:00
Equipe do bar sempre em prontid√£o para oferecer os melhores momentos.,1,Atendimento da equipe,continental,2024-03-27 00:37:51+00:00
funcion√°rios super cordiais,1,Atendimento da equipe,continental,2024-02-20 22:10:36+00:00
Caf√© da manh√£ muito completo,1,Caf√© da manh√£,continental,2024-02-20 22:10:36+00:00
Cafe da manha bem completo.,1,Caf√© da manh√£,continental,2024-05-19 00:00:00+00:00
Caf√© da manh√£: existe muita variedade,1,Caf√© da manh√£,continental,2025-07-12 00:00:00+00:00
"os bolos, p√£es e bolachas s√£o todos secos,  horr√≠veis",0,Caf√© da manh√£,continental,2025-07-12 00:00:00+00:00
precisei solicitar a limpeza e arruma√ß√£o do quarto todos os dias,0,Quarto,continental,2025-07-12 00:00:00+00:00
o caf√© da manh√£ e os jantares s√£o maravilhosos,1,Caf√© da manh√£,continental,2025-04-05 18:08:21+00:00
fumos bem atendido,1,Atendimento da equipe,continental,2025-02-15 00:31:25+00:00
um cafe da manh√£ com bastante variedades,1,Caf√© da manh√£,continental,2025-02-15 00:31:25+00:00
Funcion√°rios todos muito educados e gentil.,1,Atendimento da equipe,continental,2025-01-27 20:16:20+00:00
"Hotel mais antigo , por√©m , muito limpo os quartos, roupas de cama.",1,Quarto,continental,2025-01-27 20:16:20+00:00
O quarto era amplo,1,Quarto,continental,2025-01-14 21:16:58+00:00
a cama confort√°vel,1,Quarto,continental,2025-01-14 21:16:58+00:00
O atendimento de todos foi muito cordial e receptivo.,1,Atendimento da equipe,continental,2025-01-14 21:16:58+00:00
funcion√°rios e a estrutura. Fomos muito bem recebidos!,1,Atendimento da equipe,continental,2024-11-03 01:05:51+00:00
Hotel se destaca pela equipe da recep√ß√£o. Pessoas incrivelmente gentis.,1,Atendimento da equipe,continental,2024-09-09 03:04:28+00:00
Caf√© da manh√£ tbm mto bom!,1,Caf√© da manh√£,continental,2024-09-09 03:04:28+00:00
√ìtimo atendimento!,1,Atendimento da equipe,continental,2024-07-22 20:54:35+00:00
camas confort√°veis,1,Quarto,continental,2024-07-19 21:11:31+00:00
local limpo,1,Quarto,continental,2024-07-19 21:11:31+00:00
Caf√© da manh√£ variado,1,Caf√© da manh√£,continental,2024-07-19 21:11:31+00:00
Atendimento sensacional,1,Atendimento da equipe,continental,2024-05-31 17:41:50+00:00
caf√© da manh√£ √© excelente,1,Caf√© da manh√£,continental,2024-05-31 17:41:50+00:00
bem confortavel,1,Quarto,continental,2024-04-10 21:18:57+00:00
quarto espa√ßoso,1,Quarto,continental,2024-04-10 21:18:57+00:00
funcionarios super atenciosos,1,Atendimento da equipe,continental,2024-04-10 21:18:57+00:00
Tudo muito limpo,1,Quarto,continental,2024-04-10 21:18:57+00:00
os funcion√°rios  s√£o nota DEZ,1,Atendimento da equipe,continental,2024-04-10 19:40:36+00:00
Um dos hot√©is com os maiores quartos da cidade.,1,Quarto,continental,2025-02-19 18:40:26+00:00
Gerente poliglota ajuda muito os h√≥spedes estrangeiros.,1,Atendimento da equipe,continental,2025-02-19 18:40:26+00:00
"A estrutura √© um pouco antiga e merece ser modernizada, sobretudo TV, colch√µes e ar condicionado.",0,Quarto,continental,2025-02-19 18:40:26+00:00
"A estrutura √© um pouco antiga e merece ser modernizada, sobretudo TV, colch√µes e ar condicionado.",0,Quarto,continental,2025-02-19 18:40:26+00:00
Copos de pl√°stico (??) no frigobar.,0,Quarto,continental,2025-02-19 18:40:26+00:00
Toalhas e roupa de cama um pouco simples demais para a categoria do Hotel.,0,Quarto,continental,2025-02-19 18:40:26+00:00
Tivemos um problema com a reserva do quarto na qual a Recep√ßao jogou a culpa no site de reserva.,0,Atendimento da equipe,continental,2025-02-17 10:47:32+00:00
Tive Que dormir a Primeira noite com minha filha entre eu e minha muller.,0,Quarto,continental,2025-02-17 10:47:32+00:00
eles n√£o me deram o quarto com uma cama de casal e uma de Solteiro assim Que entrei no hotel.,0,Quarto,continental,2025-02-17 10:47:32+00:00
Menos mal que me adequaram no dia seguinte apos reclama√ß√£o.,1,Atendimento da equipe,continental,2025-02-17 10:47:32+00:00
A limpeza √© adequada.,1,Quarto,continental,2025-02-17 10:47:32+00:00
O desjejum √© excellente.,1,Caf√© da manh√£,continental,2025-02-17 10:47:32+00:00
O quarto tem um bom tamanho.,1,Quarto,continental,2024-03-25 00:00:00+00:00
Os colaboradores s√£o mt atenciosos.,1,Atendimento da equipe,continental,2024-03-25 00:00:00+00:00
Cama bem confort√°vel,1,Quarto,continental,2024-03-25 00:00:00+00:00
"O caf√© da manh√£ √© um destaque, com muitas op√ß√µes.",1,Caf√© da manh√£,continental,2024-03-25 00:00:00+00:00
quarto confort√°vel,1,Quarto,continental,2025-07-25 14:41:14+00:00
"a √∫nica coisa que salva por enquanto,  j√° que ainda estou hospedada , √©  o caf√©  e os atendentes do restaurante",1,Atendimento da equipe,continental,2024-07-19 00:00:00+00:00
Limpeza 0. Sai as 7 da manh√£  tomamos caf√© e saim9s. Retornamos do passeio as 15. Nem limparam o quarto. As toalhas molhadas e lixeira cheia.isso no primeiro dia ... imagina o restante dos dias?!!,0,Quarto,continental,2024-07-19 00:00:00+00:00
pessoal atencioso,1,Atendimento da equipe,continental,2025-07-26 18:39:15+00:00
cafe muito bom,1,Caf√© da manh√£,continental,2025-07-26 18:39:15+00:00
colch√£o √≥timo,1,Quarto,continental,2025-07-26 18:39:15+00:00
√ìtima em especial os funcionsrios Luke e equipe da recep√ß√£o,1,Atendimento da equipe,continental,2025-08-03 18:22:10+00:00
"Excelente atendimento, principalmente o funcion√°rio Luke na recep√ß√£o.",1,Atendimento da equipe,continental,2025-08-03 18:20:15+00:00
luz dos quartos escuro,0,Quarto,continental,2025-08-03 00:00:00+00:00
cama desconfort√°vel,0,Quarto,continental,2025-08-03 00:00:00+00:00
"Ar condicionado sujo, antigo e barulhento",0,Quarto,continental,2025-08-03 00:00:00+00:00
Um excelente Hotel com um atendimento de excel√™ncia.,1,Atendimento da equipe,continental,2025-08-09 15:24:33+00:00
Com excelente caf√© da manh√£ mesmo em baixa temporada.,1,Caf√© da manh√£,continental,2025-08-07 11:22:37+00:00
o ar condicionado que precisava de limpeza interna e j√° estava bem velhinho.,0,Quarto,continental,2025-08-07 11:22:37+00:00
Caf√© da manh√£ super farto,1,Caf√© da manh√£,continental,2025-08-19 15:40:15+00:00
quartos amplos,1,Quarto,continental,2025-08-19 15:40:15+00:00
super higienizados,1,Quarto,continental,2025-08-19 15:40:15+00:00
"funcion√°rios do hotel super simp√°ticos,  educados, prestativos",1,Atendimento da equipe,continental,2025-08-19 15:40:15+00:00
caf√© da manha super variado e farto,1,Caf√© da manh√£,continental,2025-06-07 00:00:00+00:00
O servi√ßo de quarto tamb√©m √© bom,1,Atendimento da equipe,continental,2024-09-29 00:00:00+00:00
"O caf√© da manh√£ √© bom, tem bastante variedade.",1,Caf√© da manh√£,continental,2024-09-29 00:00:00+00:00
com camas confort√°veis,1,Quarto,continental,2024-09-29 00:00:00+00:00
toalhas limpinhas todos os dias,1,Quarto,continental,2024-09-29 00:00:00+00:00
"E o que mais gostamos foi o bom atendimento, pois em todas as nossas solicita√ß√µes fomos bem atendidos.",1,Atendimento da equipe,continental,2024-09-29 00:00:00+00:00
"desde o check in fomos muito bem recepcionados, uma atendente que n√£o lembro o nome muito simp√°tica sempre ao que perguntava sobre dicas de como chegar ao Paraguai.",1,Atendimento da equipe,continental,2024-09-15 00:00:00+00:00
"Caf√© da manh√£ com p√£es, m√°quina de caf√© com op√ß√£o de chocolates quentes",1,Caf√© da manh√£,continental,2024-09-15 00:00:00+00:00
o quarto espa√ßoso com duas camas de casal.,1,Quarto,continental,2024-09-15 00:00:00+00:00
atendimento maravilhoso no check in,1,Atendimento da equipe,continental,2024-07-19 00:00:00+00:00
caf√© da manh√£ maravilhoso tem muitas op√ß√µes,1,Caf√© da manh√£,continental,2024-07-19 00:00:00+00:00
Simplesmente maravilhoso os funcion√°rios super educados e gentil.,1,Atendimento da equipe,continental,2024-07-18 00:00:00+00:00
Quarto amplo,1,Quarto,continental,2024-07-10 00:00:00+00:00
Caf√© da manh√£ muito completo com muitas variedades.,1,Caf√© da manh√£,continental,2024-07-10 00:00:00+00:00
"O ponto negativo fica para a ac√∫stica na parede que divide os quartos dentro dos banheiros, se escuta absolutamente tudo que se fala no quarto vizinho.",0,Quarto,continental,2024-07-10 00:00:00+00:00
Faltou comunica√ß√£o,0,Atendimento da equipe,continental,2024-07-08 00:00:00+00:00
"Faltou comunica√ß√£o e bom senso, visto que eram crian√ßas comendo a pizza em mesas externas, que n√£o eram do restaurante",0,Atendimento da equipe,continental,2024-07-08 00:00:00+00:00
Faltou cordialidade,0,Atendimento da equipe,continental,2024-07-08 00:00:00+00:00
quarto grande,1,Quarto,continental,2024-06-26 00:00:00+00:00
"Bom hotel, funcion√°rios atenciosos",1,Atendimento da equipe,continental,2024-05-27 00:00:00+00:00
caf√© da manh√£ satisfat√≥rio,1,Caf√© da manh√£,continental,2024-05-27 00:00:00+00:00
cama excelente,1,Quarto,continental,2024-05-27 00:00:00+00:00
"Hotel maravilhoso, muito confort√°vel!",1,Quarto,continental,2025-08-31 12:03:23+00:00
Conforto √≥timo recomendo 100%,1,Quarto,continental,2025-08-30 11:38:31+00:00
caf√© da manh√£ gostoso,1,Caf√© da manh√£,continental,2025-08-26 23:41:23+00:00
quartos muito limpos,1,Quarto,continental,2025-08-26 23:41:23+00:00
quartos ... amplos,1,Quarto,continental,2025-08-26 23:41:23+00:00
√≥timo atendimento,1,Atendimento da equipe,continental,2025-08-29 00:00:00+00:00
Profissionais atenciosos e competentes!,1,Atendimento da equipe,continental,2025-09-01 20:36:07+00:00
Muito top recep√ß√£o excepcional,1,Atendimento da equipe,continental,2025-09-01 16:27:11+00:00
cama confort√°vel macia,1,Quarto,continental,2025-09-04 14:21:19+00:00
"tem de tudo desde uma variedade de p√£es at√© salgados assados, doces biscoitos e muitas bebidas como sucos,iogurte e caf√© coado, m√°quina",1,Caf√© da manh√£,continental,2025-09-04 14:21:19+00:00
tudo de boa qualidade al√©m das frutas,1,Caf√© da manh√£,continental,2025-09-04 14:21:19+00:00
Excelente atendimento,1,Atendimento da equipe,continental,2025-09-06 13:51:00+00:00
quartos confort√°veis,1,Quarto,continental,2025-09-06 13:51:00+00:00
"O quarto √© amplo, aconchegante e muito confort√°vel.",1,Quarto,continental,2025-09-06 01:12:00+00:00
"O quarto √© amplo, aconchegante e muito confort√°vel.",1,Quarto,continental,2025-09-06 01:12:00+00:00
"Destaque especial para o caf√© da manh√£: simplesmente espetacular, com tantas op√ß√µes que lembra um verdadeiro caf√© colonial!",1,Caf√© da manh√£,continental,2025-09-06 01:12:00+00:00
fomos extremamente bem recebidos,1,Atendimento da equipe,continental,2025-09-06 01:11:09+00:00
o caf√© da manh√£ que estava impec√°vel,1,Caf√© da manh√£,continental,2025-09-06 01:11:09+00:00
O quarto com m√≥veis antigos incluindo a Tv e o ar-condicionado‚Ä¶,0,Quarto,continental,2025-09-11 22:04:53+00:00
O quarto com m√≥veis antigos incluindo a Tv e o ar-condicionado‚Ä¶,0,Quarto,continental,2025-09-11 22:04:53+00:00
Em nosso quarto apareceu uma barata,0,Quarto,continental,2025-09-11 22:04:53+00:00
"o servi√ßo para limpar quarto demora muito. Sa√≠mos √†s 8:30 chegamos 21:hrs e nosso quarto n√£o  estava limpo e, colocamos na porta que precisava ser limpo nosso quarto",0,Quarto,continental,2025-09-11 22:04:53+00:00
"caf√© da manh√£ p√©ssimo! Comidas do dia anterior e sem variedade alguma, s√≥ tem p√£o",0,Caf√© da manh√£,continental,2025-09-11 22:04:53+00:00
Cafe da manha muito bom e nos atendeu perfeitamente com variedades,1,Caf√© da manh√£,continental,2025-09-13 00:00:00+00:00
funcion√°rios educados e atenciosos,1,Atendimento da equipe,continental,2024-03-22 00:43:27+00:00
bem limpo e organizado,1,Quarto,continental,2025-09-16 00:00:00+00:00
uma equipe que atende muito bem e educada,1,Atendimento da equipe,continental,2025-09-16 00:00:00+00:00
"tudo bem limpinho aparentemente, porem debaixo das camas muito p√≥ s√≥ isso deixou a desejar",0,Quarto,continental,2025-09-19 13:49:00+00:00
ar condicionado barulhento e n√£o refrigerafa,0,Quarto,continental,2025-09-22 00:24:41+00:00
"O funcion√°rio Sr Sebasti√£o √© um amor de pessoa, 100% atencioso!",1,Atendimento da equipe,continental,2025-09-19 18:25:30+00:00
"quartos amplos, com infraestrutura muito bem dimensionada",1,Quarto,continental,2024-11-02 20:05:31+00:00
com ar condicionado,1,Quarto,continental,2024-11-02 20:05:31+00:00
frigobar,1,Quarto,continental,2024-11-02 20:05:31+00:00
"O caf√© da manh√£ do hotel √© muito farto, in√∫meras op√ß√µes de frutas, salada de fruta, iogurtes, p√£es s√£o pelo menos 6 tipos todo dia.",1,Caf√© da manh√£,continental,2024-11-02 20:05:31+00:00
"Tamb√©m √© ofertado ovos mexidos e molho de cachorro quente e todo dia ‚Äúdois pratos quentes‚Äù variados, quais sejam bacon, torta de frango, milho, batata doce.",1,Caf√© da manh√£,continental,2024-11-02 20:05:31+00:00
"Tem uma mesa de frios muito gostosa, todo dia pelo menos 4 tipos de bolos, cookies, bolachas e uma estufa de p√£o de queijo, folheado e chipa.",1,Caf√© da manh√£,continental,2024-11-02 20:05:31+00:00
"Tem m√°quina de caf√© com v√°rias op√ß√µes, caf√© de c√°psulas e caf√© passado.",1,Caf√© da manh√£,continental,2024-11-02 20:05:31+00:00
"Toda a equipe do hotel, desde a governan√ßa, recep√ß√£o, gar√ßom, passando at√© a ger√™ncia s√£o de extrema receptividade, educa√ß√£o e hospitalidade.",1,Atendimento da equipe,continental,2024-11-02 20:05:31+00:00
O hotel n√£o tinha gerente para resolver os problemas,0,Atendimento da equipe,continental,2024-09-03 00:00:00+00:00
"Excelente Caf√© da manh√¢ com muita variedade, capricho e bem arrumado.",1,Caf√© da manh√£,continental,2024-03-19 00:00:00+00:00
Iimpeza dos quartos muito boa.,1,Quarto,continental,2024-03-19 00:00:00+00:00
funcion√°rios super atenciosos.,1,Atendimento da equipe,continental,2024-11-22 00:00:00+00:00
"Destaco um senhor, de cabelos brancos, cujo nome nao me recordo, que √© gar√ßom, um amor de pessoa.",1,Atendimento da equipe,continental,2024-11-22 00:00:00+00:00
S√≥ poderiam variar mais o caf√© da manh√£.,0,Caf√© da manh√£,continental,2024-11-22 00:00:00+00:00
quartos limpos,1,Quarto,continental,2025-05-16 01:24:18+00:00
atendimento maravilhoso. Todos os funcion√°rios bastante atenciosos.,1,Atendimento da equipe,continental,2025-05-16 01:24:18+00:00
"pessoal am√°vel, gentil.",1,Atendimento da equipe,continental,2025-05-06 12:22:51+00:00
Caf√© da manh√£ variado e delicioso.,1,Caf√© da manh√£,continental,2025-05-06 12:22:51+00:00
Caf√© da manh√£ variado e delicioso.,1,Caf√© da manh√£,continental,2025-05-06 12:22:51+00:00
Quarto amplo,1,Quarto,continental,2025-01-25 02:18:01+00:00
ar condicionado,1,Quarto,continental,2025-01-25 02:18:01+00:00
Excelente atendimento!,1,Atendimento da equipe,continental,2024-07-23 22:55:45+00:00
cama super confort√°vel,1,Quarto,continental,2024-08-12 14:33:17+00:00
"Funcion√°rios educados, √≥timo atendimento",1,Atendimento da equipe,continental,2024-08-12 14:33:17+00:00
O caf√© da manh√£ at√© hoje pra mim foi o melhor de todos os hot√©is que j√° fiquei,1,Caf√© da manh√£,continental,2024-08-12 14:33:17+00:00
Os funcion√°rios s√£o muito educados e prestativos.,1,Atendimento da equipe,continental,2024-08-11 12:10:54+00:00
"Bom atendimento, quartos confort√°veis, bom caf√© da amanh√£.",1,Quarto,continental,2024-07-18 23:31:33+00:00
"Bom atendimento, quartos confort√°veis, bom caf√© da amanh√£.",1,Caf√© da manh√£,continental,2024-07-18 23:31:33+00:00
eles n√£o tiveram o bom senso em me ajudar,0,Atendimento da equipe,continental,2024-07-18 12:16:00+00:00
"um caf√© da manh√£ completo e muito boa variedade de p√£es, bolos, frios, frutas e guloseimas diversas.",1,Caf√© da manh√£,continental,2024-07-08 14:25:31+00:00
Todos os colaboradores s√£o muito prestativos .,1,Atendimento da equipe,continental,2024-07-05 22:54:39+00:00
Fomos muito bem recebidos üòå,1,Atendimento da equipe,continental,2024-07-05 22:54:39+00:00
Funcion√°rios atenciosos e simp√°ticos.,1,Atendimento da equipe,continental,2024-06-16 23:43:19+00:00
Boa cama,1,Quarto,continental,2024-05-25 20:54:01+00:00
os funcion√°rios muito gentis educados,1,Atendimento da equipe,continental,2024-05-18 01:56:13+00:00
Hotel com camas confort√°veis,1,Quarto,continental,2024-05-03 15:21:27+00:00
funcion√°rios bem educados e atenciosos,1,Atendimento da equipe,continental,2024-05-03 15:21:27+00:00
Quarto e banheiro espa√ßoso,1,Quarto,continental,2024-02-27 15:10:16+00:00
Colaboradores atenciosos,1,Atendimento da equipe,continental,2024-02-27 15:10:16+00:00
Quarto grande,1,Quarto,continental,2024-02-23 11:05:50+00:00
cama boa,1,Quarto,continental,2024-02-23 11:05:50+00:00
len√ß√≥is limpos,1,Quarto,continental,2024-02-23 11:05:50+00:00
"Lugar lindo, bom espa√ßo",1,Quarto,continental,2024-01-13 15:07:09+00:00
s√≥ a limpeza do quarto podia melhorar,0,Quarto,continental,2024-01-13 15:07:09+00:00
Guarda roupa escuro e pequeno,0,Quarto,continental,2024-01-12 12:23:11+00:00
Recpcao am√°vel,1,Atendimento da equipe,continental,2024-01-12 12:23:11+00:00
Excelente atendimento. Equipe amorosa que nos faz se sentir em casa.,1,Atendimento da equipe,continental,2024-08-14 14:10:02+00:00
o quarto ainda n√£o foi arrumado. Hoje 21.07 fomos a itaipu as 7:30 e retornamos 12:00 e o quarto n√£o estava arrumado.,0,Quarto,continental,2024-07-21 15:35:36+00:00
caf√© da manha super variado e farto,1,Caf√© da manh√£,continental,2025-06-07 21:23:31+00:00
Minha experi√™ncia com o Hotel foi maravilhosa desde o atendimento da recep√ß√£o da Tiane,1,Atendimento da equipe,continental,2025-03-17 14:03:53+00:00
Limpeza impec√°vel,1,Quarto,continental,2025-03-17 14:03:53+00:00
Atendimento impec√°vel!,1,Atendimento da equipe,continental,2025-01-24 13:25:11+00:00
todos que ali trabalham s√£o muito educados e atenciosos,1,Atendimento da equipe,continental,2025-01-02 17:44:33+00:00
O caf√© da manh√£ muito farto e tudo uma del√≠cia,1,Caf√© da manh√£,continental,2025-01-02 17:44:33+00:00
Espera infinita pra liberar o quarto,0,Atendimento da equipe,continental,2024-11-23 18:21:38+00:00
"Um excelente caf√© da manh√£, com op√ß√£o muito variadas.",1,Caf√© da manh√£,continental,2024-11-21 16:00:32+00:00
Melhor caf√© da manh√£ de Foz do Igua√ßu,1,Caf√© da manh√£,continental,2024-11-13 16:11:53+00:00
Bom atendimento,1,Atendimento da equipe,continental,2024-10-11 09:11:50+00:00
quadro aconchegante,1,Quarto,continental,2024-10-11 09:11:50+00:00
funcion√°rios educados e atenciosos,1,Atendimento da equipe,continental,2024-09-23 10:31:25+00:00
Caf√© da manh√£ maravilhoso...,1,Caf√© da manh√£,continental,2024-08-19 09:27:58+00:00
√≥tima recep√ß√£o,1,Atendimento da equipe,continental,2024-08-17 16:30:08+00:00
todos os quartos s√£o organizados e limpos,1,Quarto,continental,2024-08-17 16:30:08+00:00
funcion√°rios simp√°ticos e prestativos,1,Atendimento da equipe,continental,2024-07-24 13:17:25+00:00
√≥tima limpeza,1,Quarto,continental,2024-07-24 13:17:25+00:00
√≥timo atendimento,1,Atendimento da equipe,continental,2024-08-02 09:10:59+00:00
tem quartos grandes,1,Quarto,continental,2024-03-14 22:28:13+00:00
o caf√© da manh√£ espetacular,1,Caf√© da manh√£,continental,2024-02-19 12:09:56+00:00
"Bom atendimento, excelente profissionais, servi√ßo nota 1000.",1,Atendimento da equipe,continental,2024-02-08 14:58:35+00:00
O COLCH√ÉO VC DEITA E ELE AFUNDA TENHO PROBLEMA NA COLUNA,0,Quarto,continental,2025-07-07 10:54:14+00:00
PEDI P TROCAR NINGUEM NEM DEU BOLA,0,Atendimento da equipe,continental,2025-07-07 10:54:14+00:00
"No meu √∫ltimo dia, a camareira entrou no quarto sem bater.",0,Atendimento da equipe,continental,2024-11-04 13:54:35+00:00
staff em geral foi bastante sol√≠cito e querido,1,Atendimento da equipe,continental,2024-10-10 21:37:08+00:00
Colch√£o,0,Quarto,continental,2025-06-12 23:40:43+00:00
quarto espa√ßo,1,Quarto,continental,2025-06-12 23:40:43+00:00
√≥timo servi√ßo de limpeza,1,Atendimento da equipe,continental,2025-06-12 23:40:43+00:00
sugest√£o de melhoria nos colch√µes,0,Quarto,continental,2025-06-12 23:40:43+00:00
Precisa de ... equipamentos mais modernos como um ar condicionado inverter,0,Quarto,continental,2025-02-21 00:00:00+00:00
quarto e banheiro amplos,1,Quarto,continental,2025-03-13 00:00:00+00:00
quarto e banheiro limpos,1,Quarto,continental,2025-03-13 00:00:00+00:00
Funcion√°rios educados,1,Atendimento da equipe,continental,2025-03-13 00:00:00+00:00
funcion√°rios atenciosos,1,Atendimento da equipe,continental,2025-01-12 00:00:00+00:00
camas confort√°veis,1,Quarto,continental,2025-01-12 00:00:00+00:00
atendimento maravilhoso,1,Atendimento da equipe,continental,2024-07-16 00:00:00+00:00
conforto,1,Quarto,continental,2024-07-16 00:00:00+00:00
Atendimento muito bom.,1,Atendimento da equipe,continental,2024-08-24 00:00:00+00:00
Funcionarios muito simpaticos.,1,Atendimento da equipe,continental,2024-08-24 00:00:00+00:00
Caf√© da manh√£ excelente,1,Caf√© da manh√£,continental,2024-08-24 00:00:00+00:00
√ìtimo atendimento,1,Atendimento da equipe,continental,2024-05-18 00:00:00+00:00
caf√© da manh√£ excelente,1,Caf√© da manh√£,continental,2024-05-18 00:00:00+00:00
Quarto bem espa√ßoso,1,Quarto,continental,2024-05-18 00:00:00+00:00
√≥timo atendimento,1,Atendimento da equipe,continental,2024-02-25 00:00:00+00:00
"Antigo, mas confort√°vel.",1,Quarto,continental,2024-02-09 00:00:00+00:00
atendentes muito prestativos,1,Atendimento da equipe,continental,2025-06-03 17:37:02+00:00
quartos proximo a rua bem barulhentos,0,Quarto,continental,2025-06-03 17:37:02+00:00
"um caf√© da manh√£ excelente, com muitas op√ß√µes",1,Caf√© da manh√£,continental,2025-05-14 09:06:40+00:00
Os quartos s√£o espa√ßosos e lindos,1,Quarto,continental,2025-05-14 09:06:40+00:00
As pessoas que trabalha l√° s√£o simp√°ticas e nos atendem com boa vontade,1,Atendimento da equipe,continental,2025-05-14 09:06:40+00:00
funcion√°rios super atenciosos e simp√°ticos,1,Atendimento da equipe,continental,2024-12-19 01:00:09+00:00
Caf√© da manh√£ super familiar e com variedades.,1,Caf√© da manh√£,continental,2024-12-19 01:00:09+00:00
Quarto grande,1,Quarto,continental,2024-11-29 17:32:36+00:00
Frigobar abastecido,1,Quarto,continental,2024-11-29 17:32:36+00:00
Tudo super limpo.,1,Quarto,continental,2024-11-09 12:10:10+00:00
a estrutura oferece conforto e comodidade.,1,Quarto,continental,2024-11-09 12:10:10+00:00
Caf√© da manh√£ farto e com muitas op√ß√µes.,1,Caf√© da manh√£,continental,2024-11-09 12:10:10+00:00
Funcion√°rios extremamente atenciosos e sol√≠citos.,1,Atendimento da equipe,continental,2024-11-09 12:10:10+00:00
"Os quartos s√£o antigos, mas limpos e confort√°veis.",1,Quarto,continental,2024-11-08 17:20:15+00:00
"Os quartos s√£o antigos, mas limpos e confort√°veis.",1,Quarto,continental,2024-11-08 17:20:15+00:00
"√∫nica coisa que precisa mudar √© sobre o caf√© da manh√£ , durante 7 dias as op√ß√µes de suco s√≥ variavam entre melancia e mel√£o , e tb variar um pouco as op√ß√µes de caf√©",0,Caf√© da manh√£,continental,2024-10-13 16:15:24+00:00
Achei alguns (poucos ) funcion√°rios mau educados,0,Atendimento da equipe,continental,2024-10-13 16:15:24+00:00
Muito bem recepcionado,1,Atendimento da equipe,continental,2024-10-07 18:11:58+00:00
"Atendimento impec√°vel, fomos super bem tratados. Funcion√°rios educados, simp√°ticos.",1,Atendimento da equipe,continental,2024-10-02 01:11:54+00:00
"√ìtima limpeza, quartos, comida, caf√© da manh√£.",1,Quarto,continental,2024-10-02 01:11:54+00:00
"√ìtima limpeza, quartos, comida, caf√© da manh√£.",1,Caf√© da manh√£,continental,2024-10-02 01:11:54+00:00
Caf√© da manh√£ com muita variedade,1,Caf√© da manh√£,continental,2024-09-30 14:28:22+00:00
no geral de baixa qualidade,0,Caf√© da manh√£,continental,2024-09-30 14:28:22+00:00
Quarto com cheiro de mofo,0,Quarto,continental,2024-09-30 14:28:22+00:00
"a cordialidade, educa√ß√£o e a simpatia de todos que l√° trabalham √© fora do comum",1,Atendimento da equipe,continental,2024-09-29 11:35:12+00:00
O caf√© da manh√£ √© muito farto,1,Caf√© da manh√£,continental,2024-07-09 12:10:20+00:00
atendimento √© muito bom,1,Atendimento da equipe,continental,2024-07-09 12:10:20+00:00
Excelente caf√©,1,Caf√© da manh√£,continental,2024-05-14 20:51:48+00:00
"quero deixar meu agradecimento ao Thiago atendente da recep√ß√£o, bastante simp√°tico e educado.",1,Atendimento da equipe,continental,2024-01-02 19:40:37+00:00
Hotel limpinho e cheiroso.,1,Quarto,continental,2024-01-01 13:12:54+00:00
"muito carboidrato, bolos secos",0,Caf√© da manh√£,continental,2025-07-22 13:08:50+00:00
o quarto q eu fiquei bem antigo,0,Quarto,continental,2025-07-22 13:08:50+00:00
bolor perto da janela,0,Quarto,continental,2025-07-22 13:08:50+00:00
"√ìtima recep√ß√£o, √≥timo atendimento",1,Atendimento da equipe,continental,2025-07-18 19:16:39+00:00
"Quando chegamos, j√° fomos muito bem recebidos por uma funcion√°ria simp√°tica",1,Atendimento da equipe,continental,2025-07-16 20:00:43+00:00
Sobre o caf√© da manh√£: completamente delicioso,1,Caf√© da manh√£,continental,2025-07-16 20:00:43+00:00
Sobre o caf√© da manh√£: completamente delicioso e cheio de variedade,1,Caf√© da manh√£,continental,2025-07-16 20:00:43+00:00
O atendimento naquele espa√ßo foi sensacional tamb√©m,1,Atendimento da equipe,continental,2025-07-16 20:00:43+00:00
"Um agradecimento especial aos Thiago, que sempre nos deixava √† vontade com seu carisma e acolhimento",1,Atendimento da equipe,continental,2025-07-16 20:00:43+00:00
a su√≠te Master cheirando a mofo,0,Quarto,continental,2025-07-15 06:22:16+00:00
bif√™ de caf√© de manha muito fraquinho,0,Caf√© da manh√£,continental,2025-07-15 06:22:16+00:00
"pouca variedade de frutas, servindo sempre as mesmas",0,Caf√© da manh√£,continental,2025-07-15 06:22:16+00:00
"as torradas murchas, claramente sobras do dia anterior",0,Caf√© da manh√£,continental,2025-07-15 06:22:16+00:00
"sem variedades de queijos, nada de tortas, muitos p√£es repetidos",0,Caf√© da manh√£,continental,2025-07-15 06:22:16+00:00
Se qier alguma coisa tem q pedir na recep√ß√£o como sais de banho ou outras coisas q s√≥ chegam 2 horas depois qie vc j√° est√° dormindo .8,0,Atendimento da equipe,continental,2025-07-15 06:06:00+00:00
"funcion√°rios educados, cordiais e muito competentes",1,Atendimento da equipe,continental,2025-07-08 22:21:24+00:00
limpeza primorosa,1,Quarto,continental,2025-07-08 22:21:24+00:00
"Parab√©ns √† todos da equipe recep√ß√£o,  camareira , Caf√© da manh√£",1,Atendimento da equipe,continental,2025-07-08 22:21:24+00:00
"Hotel simples, mas confort√°vel.",1,Quarto,continental,2025-06-29 21:16:57+00:00
Quarto amplo.,1,Quarto,continental,2025-06-29 21:16:57+00:00
Cafe da manh√£ bom.,1,Caf√© da manh√£,continental,2025-06-29 21:16:57+00:00
Funcion√°rios atenciosos.,1,Atendimento da equipe,continental,2025-06-26 00:00:11+00:00
"Quartos confort√°veis, limpos.",1,Quarto,continental,2025-06-26 00:00:11+00:00
"Quartos confort√°veis, limpos.",1,Quarto,continental,2025-06-26 00:00:11+00:00
super confort√°vel,1,Quarto,continental,2025-06-21 08:32:37+00:00
atendimento excelente de toda a equipe de colaboradores,1,Atendimento da equipe,continental,2025-06-21 08:32:37+00:00
"O caf√© da manh√£ √© imbat√≠vel, excelente, mesmo para quem j√° frequentou hot√©is 5 estrelas pelo mundo",1,Caf√© da manh√£,continental,2025-06-12 22:44:22+00:00
caf√© variado,1,Caf√© da manh√£,continental,2025-03-07 14:06:03+00:00
cama n√£o era muito confort√°vel,0,Quarto,continental,2025-03-04 00:00:00+00:00
quarto grande,1,Quarto,continental,2025-03-16 00:00:00+00:00
pessoal muito atencioso,1,Atendimento da equipe,continental,2024-12-18 00:00:00+00:00
"hotel bom, espa√ßoso e confortavel",1,Quarto,continental,2024-07-18 00:00:00+00:00
"Fomos muito bem recebido, recepcionista foi muito gentil e atenciosa com a nossa fam√≠lia.",1,Atendimento da equipe,continental,2024-06-06 00:00:00+00:00
√önica coisa que deixou a desejar foram os m√≥veis muito antigos,0,Quarto,continental,2024-06-25 00:00:00+00:00
√ìtimo atendimento.,1,Atendimento da equipe,continental,2024-12-01 00:00:00+00:00
Cama muito boa.,1,Quarto,continental,2024-12-01 00:00:00+00:00
Caf√© da manh√£ excelente.,1,Caf√© da manh√£,continental,2024-12-01 00:00:00+00:00
"atendimento dos funcion√°rios de recep√ß√£o e limpeza excelentes, todos muito gentis e prestativos",1,Atendimento da equipe,continental,2024-11-20 00:00:00+00:00
√ìtimo atendimento,1,Atendimento da equipe,continental,2024-10-05 00:00:00+00:00
Deixa a desejar no isolamento ac√∫stico dos quartos.,0,Quarto,continental,2024-04-25 00:00:00+00:00
Funcion√°rios muito gentis e educados.,1,Atendimento da equipe,continental,2024-04-25 00:00:00+00:00
o quarto √© amplo,1,Quarto,continental,2025-01-03 00:00:00+00:00
por√©m muito escuro,0,Quarto,continental,2025-01-03 00:00:00+00:00
As camas s√£o confort√°veis,1,Quarto,continental,2025-01-03 00:00:00+00:00
Caf√© da manh√£ ruim,0,Caf√© da manh√£,continental,2024-01-12 00:00:00+00:00
"Ponto positivo para o caf√© da manh√£, muitas op√ß√µes.",1,Caf√© da manh√£,continental,2024-01-20 00:00:00+00:00
quarto com cama king super confort√°vel,1,Quarto,continental,2024-01-20 00:00:00+00:00
A limpeza tamb√©m n√£o deixou a desejar.,1,Quarto,continental,2024-01-20 00:00:00+00:00
Excelente atendimento por todos oa colaboradores.,1,Atendimento da equipe,continental,2024-11-16 00:00:00+00:00
Confort√°vel com um bom caf√© da manh√£,1,Quarto,continental,2024-11-11 00:00:00+00:00
Os funcion√°rios super atenciosos e educados,1,Atendimento da equipe,continental,2024-10-30 00:00:00+00:00
Os quartos s√£o amplos e espa√ßosos.,1,Quarto,continental,2025-03-10 00:00:00+00:00
Camas novas e confort√°veis (colch√µes de mola).,1,Quarto,continental,2025-03-10 00:00:00+00:00
Tudo limpo e novo para a categoria que eu fechei.,1,Quarto,continental,2025-03-10 00:00:00+00:00
Falei pelo whatsapp e a camareira cuidou muito bem de tudo nos demais dias.,1,Atendimento da equipe,continental,2025-03-10 00:00:00+00:00
Chegamos antes do hor√°rio de checkin e aguardamos a libera√ß√£o do quarto (antes do hor√°rio previsto) e sem custos.,1,Atendimento da equipe,continental,2025-03-10 00:00:00+00:00
"No √∫ltimo dia, meu check-out foi estendido at√© as 18h (era para eu sair ao meio dia)  e paguei a taxa de R$ 200,00. Atendeu tudo que eu precisava com a mudan√ßa do meu voo de √∫ltima hora.",1,Atendimento da equipe,continental,2025-03-10 00:00:00+00:00
"No primeiro dia, n√£o houve limpeza do meu quarto. Repito que o hotel estava cheio.",0,Atendimento da equipe,continental,2025-03-10 00:00:00+00:00
atendimento excelente,1,Atendimento da equipe,continental,2024-09-11 17:19:41+00:00
quartos e depend√™ncias limpos,1,Quarto,continental,2024-09-11 17:19:41+00:00
check in muito r√°pido,1,Atendimento da equipe,continental,2025-02-11 00:00:00+00:00
funcion√°rios atenciosos,1,Atendimento da equipe,continental,2025-02-11 00:00:00+00:00
apartamento completo e muito limpo,1,Quarto,continental,2025-02-11 00:00:00+00:00
caf√© da manh√£ muito completo,1,Caf√© da manh√£,continental,2025-02-11 00:00:00+00:00
caf√© da manh√£ muito completo e com qualidade,1,Caf√© da manh√£,continental,2025-02-11 00:00:00+00:00
gar√ßons muito eficientes e atendem a todos com simpatia,1,Atendimento da equipe,continental,2025-02-11 00:00:00+00:00
caf√© da manh√£ com muita variedade,1,Caf√© da manh√£,continental,2024-05-06 00:00:00+00:00
quartos espa√ßosos,1,Quarto,continental,2024-05-06 00:00:00+00:00
"Otimo atendimento, funcionarios  carismaticicos",1,Atendimento da equipe,continental,2024-04-08 00:00:00+00:00
Limpeza muito boa tambem,1,Quarto,continental,2024-04-08 00:00:00+00:00
"cafe da manha fica a desejar muito p√£o , muitas coisas doce , n√£o existe um equiibreo",0,Caf√© da manh√£,continental,2024-04-08 00:00:00+00:00
com roupas de cama limpas,1,Quarto,continental,2024-04-03 00:00:00+00:00
bom colch√£o,1,Quarto,continental,2024-04-03 00:00:00+00:00
"O caf√© da manh√£ muito bom, sucos excelentes, op√ß√£o de caf√© coado ou de m√°quina, v√°rias op√ß√µes de doces e salgados",1,Caf√© da manh√£,continental,2024-04-03 00:00:00+00:00
Empregados atenciosos,1,Atendimento da equipe,continental,2024-04-03 00:00:00+00:00
Tudo muito limpo e cheiroso,1,Quarto,continental,2024-03-31 00:00:00+00:00
funcion√°rios muito atenciosos,1,Atendimento da equipe,continental,2024-03-31 00:00:00+00:00
Caf√© da manh√£ excepcional,1,Caf√© da manh√£,continental,2024-03-31 00:00:00+00:00
os quartos s√£o muito grande e acomoda bem um casal com filho,1,Quarto,continental,2024-03-31 00:00:00+00:00
Todo ambiente hotel limpo,1,Quarto,continental,2024-01-28 00:00:00+00:00
Cafe da manha excelnte,1,Caf√© da manh√£,continental,2024-01-28 00:00:00+00:00
Limpeza e Organiza√ß√£o dos quartos,1,Quarto,continental,2024-11-20 15:02:50+00:00
cama macia,1,Quarto,continental,2024-11-20 15:02:50+00:00
"Limpeza, educa√ß√£o dos funcion√°rios e todas as facilidades que o hotel possuem tornam a experi√™ncia muito acolhedora!",1,Quarto,continental,2024-12-26 11:05:32+00:00
"Limpeza, educa√ß√£o dos funcion√°rios e todas as facilidades que o hotel possuem tornam a experi√™ncia muito acolhedora!",1,Atendimento da equipe,continental,2024-12-26 11:05:32+00:00
"A equipe √© muito educada,  est√£o  sempre disposto a te orientar para qqr quest√£o.",1,Atendimento da equipe,continental,2024-12-25 11:47:17+00:00
hotel limpo,1,Quarto,continental,2024-12-25 11:47:17+00:00
"Atendimento excelente dos funcion√°rios. Muito educadas e prestativos, nota 10.",1,Atendimento da equipe,continental,2024-01-27 14:18:20+00:00
Caf√© da manh√£ com muita variedade. Tudo fresquinho.,1,Caf√© da manh√£,continental,2024-01-27 14:18:20+00:00
excelente atendimento desde o bar at√© as atendentes,1,Atendimento da equipe,continental,2024-11-29 00:00:00+00:00
"O Junior principalmente, ele √© um dos gar√ßons do local, super atencioso e muito legal",1,Atendimento da equipe,continental,2024-11-29 00:00:00+00:00
"taine e Thiago s√£o super legais, d√£o bastante informa√ß√µes do local e sempre v√£o te ajudar",1,Atendimento da equipe,continental,2024-11-29 00:00:00+00:00
funcion√°rios s√£o simp√°ticos e bem prestativos com nossas d√∫vidas,1,Atendimento da equipe,continental,2024-11-23 00:00:00+00:00
"O caf√© da manh√£ √© o ponto forte do hotel, bem variado com bastante fartura",1,Caf√© da manh√£,continental,2024-11-23 00:00:00+00:00
o √∫nico ponto a melhorar seria os colch√µes que s√£o antigos e muito mole,0,Quarto,continental,2024-11-23 00:00:00+00:00
Atendimento e cordialidade dos funcion√°rios muito boas.,1,Atendimento da equipe,continental,2024-11-18 00:00:00+00:00
Atendimento gentil e cortes.,1,Atendimento da equipe,continental,2024-08-14 00:00:00+00:00
Limpeza ok.,1,Quarto,continental,2024-08-14 00:00:00+00:00
"O quarto n√£o tinha cheiro ruim, e tudo muito limpo e organizado diariamente.",1,Quarto,continental,2024-08-14 00:00:00+00:00
Negativos: colch√£o mole e travesseiros desconfort√°veis.,0,Quarto,continental,2024-08-14 00:00:00+00:00
Poderia ter um menu de travesseiro e colch√µes mais firmes.,0,Quarto,continental,2024-08-14 00:00:00+00:00
os p√£es eram variados,1,Caf√© da manh√£,continental,2024-08-14 00:00:00+00:00
"os p√£es eram variados, por√©m achei  as fatias duras,  por estar h√° muito tempo expostos",0,Caf√© da manh√£,continental,2024-08-14 00:00:00+00:00
Os quartos s√£o bem espa√ßosos,1,Quarto,continental,2024-07-03 00:00:00+00:00
caf√© da manh√£ excelente,1,Caf√© da manh√£,continental,2024-07-03 00:00:00+00:00
"Quartos bons, roupas de cama e banho limpas e cheirosas.",1,Quarto,continental,2024-05-01 00:00:00+00:00
O quarto 227 q fiquei √© bem espa√ßoso e adaptado para idosos.,1,Quarto,continental,2024-05-01 00:00:00+00:00
Tem muita variedade,1,Caf√© da manh√£,continental,2024-05-01 00:00:00+00:00
mas poderia ter mais qualidade.,0,Caf√© da manh√£,continental,2024-05-01 00:00:00+00:00
quartos muito bons,1,Quarto,continental,2024-04-22 00:00:00+00:00
quartos muito bons e espa√ßosos,1,Quarto,continental,2024-04-22 00:00:00+00:00
Atendimento muito receptivo.,1,Atendimento da equipe,continental,2024-08-16 16:00:04+00:00
"Recep√ß√£o, gar√ßom, portaria todos muito educados e prestativos.",1,Atendimento da equipe,continental,2024-08-16 16:00:04+00:00
Caf√© da manh√£ muito variado.,1,Caf√© da manh√£,continental,2024-08-16 16:00:04+00:00
Gerente Thiago muito sol√≠cito e atencioso.,1,Atendimento da equipe,continental,2024-08-16 16:00:04+00:00
desde a limpeza,1,Quarto,continental,2024-10-04 00:00:00+00:00
"todos funcion√°rios, s√£o simp√°ticos e atenciosos",1,Atendimento da equipe,continental,2024-10-04 00:00:00+00:00
Atendimento impec√°vel,1,Atendimento da equipe,continental,2024-07-12 02:15:48+00:00
caf√© da manh√£ espetacular,1,Caf√© da manh√£,continental,2024-07-12 02:15:48+00:00
"Muito bom atendimento, desde obpessoal do restaurante, caf√© da manh√£ at√© os gerentes.",1,Atendimento da equipe,continental,2024-12-10 19:34:13+00:00
"Muito bom, caf√© excelente",1,Caf√© da manh√£,continental,2025-05-22 15:45:08+00:00
os gar√ßons atenciosos e prestativos,1,Atendimento da equipe,continental,2025-05-22 15:45:08+00:00
Profissionais extremamente atenciosos e prestativos.,1,Atendimento da equipe,continental,2025-03-17 15:39:30+00:00
Eramos um casal e tinha 3 camas de solteiro e juntamos as camas mas entre elas ficava desconfortavel.,0,Quarto,continental,2024-11-18 20:02:42+00:00
"Atendimento excelente tamb√©m, levamos um pet e o colaborador Thiago foi de uma simpatia fora do comum",1,Atendimento da equipe,continental,2025-05-10 18:15:10+00:00
"No restaurante o atendimento tamb√©m foi impec√°vel, caf√© da manh√£ excelente e equipe simpatiss√≠ssima",1,Atendimento da equipe,continental,2025-05-10 18:15:10+00:00
Tinha apenas 2 toalhas de banho. Solicitamos uma terceira toalha e uma banheira para dar banho nela e demorou tanto que tive que dar banho na beb√™ na pia,0,Quarto,continental,2025-01-09 18:10:45+00:00
"As toalhas de banho e as cobertas estavam muito fedidas, parecia que um cachorro molhado tinha se enrolado nelas",0,Quarto,continental,2025-01-09 18:10:45+00:00
n√£o tinha tanta op√ß√£o de coisas salgadas quanto imaginei,0,Caf√© da manh√£,continental,2025-01-09 18:10:45+00:00
Cama muito boa,1,Quarto,continental,2024-12-01 23:38:58+00:00
limpeza impec√°vel,1,Quarto,continental,2024-11-27 20:12:28+00:00
o bom atendimento por parte dos colaboradores foi oque nos conquistou,1,Atendimento da equipe,continental,2024-11-27 20:12:28+00:00
"o atendimento de todos, desde o porteiro no momento da chegada at√© a check out foi perfeito",1,Atendimento da equipe,continental,2024-11-27 20:12:28+00:00
"Sr. Alisson, que nos atendeu com muita disposi√ß√£o e simpatia e nos auxiliou em nossas solicita√ß√µes da melhor forma poss√≠vel",1,Atendimento da equipe,continental,2024-11-27 20:12:28+00:00
Quartos confort√°veis,1,Quarto,continental,2024-11-27 20:12:28+00:00
espa√ßosos,1,Quarto,continental,2024-11-27 20:12:28+00:00
O caf√© da manha foi excelente,1,Caf√© da manh√£,continental,2024-06-26 18:01:01+00:00
funcionarios bem atenciosos,1,Atendimento da equipe,continental,2024-06-26 18:01:01+00:00
Os funcion√°rios s√£o extremamente atenciosos e educados.,1,Atendimento da equipe,continental,2024-10-21 15:00:16+00:00
No caf√© da manh√£ havia uma grande variedade e estava excelente.,1,Caf√© da manh√£,continental,2024-10-21 15:00:16+00:00
No caf√© da manh√£ havia uma grande variedade e estava excelente.,1,Caf√© da manh√£,continental,2024-10-21 15:00:16+00:00
O quarto possui uma ampla janela que proporciona uma vista magn√≠fica da cidade.,1,Quarto,continental,2024-10-21 15:00:16+00:00
Os quartos s√£o amplos e confort√°veis.,1,Quarto,continental,2024-09-05 00:20:23+00:00
Os quartos s√£o amplos e confort√°veis.,1,Quarto,continental,2024-09-05 00:20:23+00:00
"O atendimento tamb√©m merece todos os elogios, a come√ßar pela recep√ß√£o pela entrada com direito a um brinde 379 cortesia, passando pelas camareiras e o √≥timo che1 375 das 17h.",1,Atendimento da equipe,continental,2024-09-05 00:20:23+00:00
"N√£o vamos esquece do melhor, o √≥timo e perfeito cafe9 375 da manh√£.",1,Caf√© da manh√£,continental,2024-09-05 00:20:23+00:00
Os funcion√°rios s√£o bem atenciosos.,1,Atendimento da equipe,continental,2024-08-05 01:19:04+00:00
O quarto √© de bom tamanho,1,Quarto,continental,2024-08-05 01:19:04+00:00
"s√≥ n√£o gostei da fechadura ( pra fechar tem que bater a porta, e com isso meu vizinho me acordou as 7h da manh√£ por conta do barulho!)",0,Quarto,continental,2024-08-05 01:19:04+00:00
"O quarto √© de bom tamanho, limpo",1,Quarto,continental,2024-08-05 01:19:04+00:00
"Ap√≥s uma longa viagem de moto, esperava encontrar um quarto aquecido. No entanto, ao perceber que o aquecedor n√£o estava funcionando, solicitei apoio.",0,Quarto,continental,2024-07-15 22:41:52+00:00
"Devido √† forma como os funcion√°rios do hotel trataram o problema do aquecedor do quarto, gostaria de expressar minha insatisfa√ß√£o.",0,Atendimento da equipe,continental,2024-07-15 22:41:52+00:00
"Um funcion√°rio subiu, constatou o problema e prometeu resolver, mas nada foi feito.",0,Atendimento da equipe,continental,2024-07-15 22:41:52+00:00
"Tr√™s horas depois, ap√≥s v√°rias tentativas de contato e sempre ouvindo ""espere um minutinho que n√≥s iremos resolver"", liguei novamente para a recep√ß√£o e a √∫ltima resposta foi: ""Qual √© o seu problema?"".",0,Atendimento da equipe,continental,2024-07-15 22:41:52+00:00
A qualidade no atendimento √© √≠mpar!! Vc n√£o v√™ um funcion√°rio que n√£o esteja sorrindo aqui!! E todos muito cordiais e sol√≠citos.,1,Atendimento da equipe,continental,2024-07-09 21:24:12+00:00
Os quartos tem um bom espa√ßo,1,Quarto,continental,2024-07-09 21:24:12+00:00
s√£o muito confort√°veis,1,Quarto,continental,2024-07-09 21:24:12+00:00
Destaque para o atendimento cordial e muito atencioso do Thiago.,1,Atendimento da equipe,continental,2024-01-24 20:17:05+00:00
"Quarto amplo, bem higienizado.",1,Quarto,continental,2024-01-24 20:17:05+00:00
"Quarto amplo, bem higienizado.",1,Quarto,continental,2024-01-24 20:17:05+00:00
N√£o consigo ser atendido na recep√ß√£o (esperei 20 minutos em p√© e desisti),0,Atendimento da equipe,continental,2024-01-23 11:12:21+00:00
funcion√°rios simp√°ticos e eficientes,1,Atendimento da equipe,continental,2024-01-16 13:50:48+00:00
O caf√© da manh√£ tem uma boa variedade.,1,Caf√© da manh√£,continental,2024-01-16 13:50:48+00:00
O quarto √© espa√ßoso e silencioso,1,Quarto,continental,2024-01-16 13:50:48+00:00
"Funcion√°rios da recep√ß√£o sempre com sorriso no rosto( isso faz muita diferen√ßa no atendimento), mas todo o pessoal do hotel foi muito cordial e simp√°tico.",1,Atendimento da equipe,continental,2024-01-09 19:50:29+00:00
"Caf√© da manh√£ maravilhoso com variedade de p√£es, bolos, sucos, frutas , frios , iogurtes!",1,Caf√© da manh√£,continental,2024-01-09 19:50:29+00:00
"o quarto e a cama s√£o enormes, o que eu adorei para conseguir deixar minhas coisas organizadas",1,Quarto,continental,2024-05-04 16:08:27+00:00
"o quarto e a cama s√£o enormes, o que eu adorei para conseguir deixar minhas coisas organizadas",1,Quarto,continental,2024-05-04 16:08:27+00:00
Caf√© da manh√£ excelente com bastante variedade,1,Caf√© da manh√£,continental,2024-05-04 16:08:27+00:00
tudo sendo reposto a todo momento,1,Caf√© da manh√£,continental,2024-05-04 16:08:27+00:00
"Quarto cheiroso, limpo e muito confort√°vel",1,Quarto,continental,2024-04-21 16:03:03+00:00
"Quarto cheiroso, limpo e muito confort√°vel",1,Quarto,continental,2024-04-21 16:03:03+00:00
"As recepcionistas muito atenciosas, gentir e bem humoradas, atendimento impec√°vel",1,Atendimento da equipe,continental,2024-04-21 16:03:03+00:00
servico de quarto impec√°vel,1,Atendimento da equipe,continental,2024-09-18 00:00:00+00:00
todos funcion√°rios muito bem educados,1,Atendimento da equipe,continental,2024-09-18 00:00:00+00:00
atendimento dos funcion√°rios bons,1,Atendimento da equipe,continental,2025-03-06 00:00:00+00:00
caf√© da manh√£ bem variado,1,Caf√© da manh√£,continental,2025-03-06 00:00:00+00:00
"Ponto negativo, apenas o check in, muito tardio as 15hs",0,Atendimento da equipe,continental,2025-03-06 00:00:00+00:00
Excelente servi√ßo de quarto,1,Atendimento da equipe,continental,2025-05-26 16:29:15+00:00
Caf√© da manh√£ saborossissimo,1,Caf√© da manh√£,continental,2025-05-26 16:29:15+00:00
O atendimento deles √© impec√°vel!,1,Atendimento da equipe,continental,2025-05-03 17:45:31+00:00
A limpeza tamb√©m √© n√≠tida.,1,Quarto,continental,2025-05-03 17:45:31+00:00
"Gostamos muito do caf√© da manh√£ que √© bem completo e com muita variedade, especialmente nos p√£es.",1,Caf√© da manh√£,continental,2025-05-03 17:45:31+00:00
"Caf√© da manh√£ maravilhoso, muita variedade.",1,Caf√© da manh√£,continental,2024-10-17 13:10:21+00:00
S√≥ n√£o dei 5 estrelas pois fiquei tr√™s pernoites e se esqueceram de fazer a limpeza do quarto.,0,Quarto,continental,2024-05-16 22:42:18+00:00
funcion√°rios sensacionais,1,Atendimento da equipe,continental,2024-04-05 10:38:44+00:00
Caf√© da manh√£ farto e delicioso,1,Caf√© da manh√£,continental,2025-04-22 14:26:12+00:00
Quarto limpo,1,Quarto,continental,2025-04-22 14:26:12+00:00
amplo,1,Quarto,continental,2025-04-22 14:26:12+00:00
colch√£o e travesseiro de qualidade,1,Quarto,continental,2025-04-22 14:26:12+00:00
ar condicionado,1,Quarto,continental,2025-04-22 14:26:12+00:00
"Todos educados, sol√≠citos, sempre prontos pra ajudar",1,Atendimento da equipe,continental,2025-04-22 14:26:12+00:00
